Circuit Level,Average Detection
0,2.0641025641025643
1,2.4444444444444446
2,3.8968253968253967
3,6.375
4,1.4285714285714286
5,2.577777777777778
6,4.766666666666667
7,4.409090909090909
8,0.6904761904761905
9,1.8888888888888888
10,5.666666666666667
11,4.666666666666667
12,1.0454545454545454
13,1.5277777777777777
14,2.22972972972973
15,2.3333333333333335
16,2.6818181818181817
17,2.5
