Circuit Level,Number of No Detections
0,0.6709401709401709
1,0.5777777777777777
2,0.49206349206349204
3,0.375
4,0.8809523809523809
5,0.7333333333333333
6,0.6
7,0.5227272727272727
8,0.9047619047619048
9,0.7916666666666666
10,0.5
11,0.5
12,0.8181818181818182
13,0.8333333333333334
14,0.6351351351351351
15,0.7083333333333334
16,0.4090909090909091
17,0.3333333333333333
